date,observation,trend,seasonal46,seasonal113,remainder,is_projected
2010-01-01,258,198.464109731814,-86.3501079341111,46.1291989092401,99.7567992930574,False
2010-01-08,638,198.34393863259,-11.5141044309266,135.472743226433,315.697422571904,False
2010-01-15,639,198.223767533366,8.67924345012427,127.40822793881,304.6887610777,False
2010-01-22,670,198.103596434142,34.7880836243858,119.475353724902,317.63296621657,False
2010-01-29,572,197.983425334918,50.1309242413109,72.4758753823018,251.409775041469,False
2010-02-05,570,197.863254235694,92.1187304093431,5.64349954496221,274.374515810001,False
2010-02-12,339,197.74308313647,17.3213087292996,-8.0139644056898,131.94957253992,False
2010-02-19,298,197.622912037246,47.4180399119668,-34.5851122492149,87.5441603000025,False
2010-02-26,342,197.502740938022,94.9479803555032,-58.8400142800411,108.389292986516,False
2010-03-05,195,197.382569838798,117.125818721075,-152.993471208343,33.4850826484696,False
2010-03-12,144,197.262398739574,14.5440730135287,-84.3589192106844,16.5524474575818,False
2010-03-19,190,197.14222764035,49.4606117153975,-103.592345411189,46.9895060554419,False
2010-03-26,129,197.022056541126,34.5621659272135,-128.203498017836,25.6192755494963,False
2010-04-02,144,196.901885441902,50.3728528474039,-151.019580474083,47.7448421847769,False
2010-04-09,193,196.781714342678,-27.1921988264069,-51.0721193311076,74.4826038148362,False
2010-04-16,194,196.661543243454,6.61374047505343,-73.0840832759261,63.8087995574188,False
2010-04-23,153,196.54137214423,-7.47595191890797,-89.4306653051692,53.3652450798471,False
2010-04-30,119,196.421201045006,-23.4453036267446,-107.892010940775,53.9161135225133,False
2010-05-07,311,196.301029945782,-46.5807809432227,12.4823051479034,148.797445849537,False
2010-05-14,102,196.143176629977,-34.5689201640817,-59.8592480810651,0.284991615170128,False
2010-05-22,85,195.985323314171,-37.0567426310756,-54.013821646146,-19.9147590369499,False
2010-05-29,87,195.827469998366,-6.74947522976664,-44.735083158319,-57.3429116102804,False
2010-06-05,113,195.669616682561,-7.50876361803783,1.44082646346309,-76.6016795279859,False
2010-06-12,62,195.511763366755,-16.6058647271358,-15.1415621505525,-101.764336489067,False
2010-06-19,42,195.35391005095,-29.0712172541241,-15.909931968257,-108.372760828569,False
2010-06-26,85,195.196056735145,7.43995538816559,-36.0321177089706,-81.6038944143396,False
2010-07-03,69,195.038203419339,58.8791340794945,-68.7165112729287,-116.200826225905,False
2010-07-10,84,194.880350103534,17.3843623935251,-71.1526594097022,-57.1120530873567,False
2010-07-17,93,194.722496787729,39.1029320136698,-60.1756682439101,-80.6497605574883,False
2010-07-24,90,194.564643471923,74.9127833269032,-76.2992795208796,-103.178147277947,False
2010-07-31,84,194.406790156118,112.442891886525,-111.853967081569,-110.995714961074,False
2010-08-07,51,194.248936840313,24.2997265788573,-62.2778372385908,-105.270826180579,False
2010-08-14,34,194.091083524507,56.0226953813024,-94.4448374165834,-121.668941489226,False
2010-08-21,38,193.933230208702,67.547063614881,-91.3871344290554,-132.093159394527,False
2010-08-28,38,193.775376892897,86.8138631717187,-142.032960214956,-100.55627984966,False
2010-09-04,85,193.617523577091,-14.3285593487357,-26.0647593414174,-68.224204886938,False
2010-09-11,51,193.459670261286,21.6313090581816,-71.5854615862163,-92.5055177332511,False
2010-09-18,51,193.163327334355,-1.16113346649355,-60.1386433721915,-80.8635504956701,False
2010-09-25,37,192.866984407424,-27.066426146391,-28.1380630398682,-100.662495221165,False
2010-10-02,38,192.570641480494,-73.3632799142962,1.58802445548859,-82.7953860216858,False
2010-10-10,52,192.274298553563,-75.9993356701377,13.6027520268594,-77.8777149102845,False
2010-10-17,49,191.977955626632,-98.4953869957889,12.1201256258174,-56.6026942566605,False
2010-10-24,59,191.681612699701,-98.2068049995368,11.040124619342,-45.5149323195064,False
2010-10-31,99,191.38526977277,-153.37705503291,121.632296515702,-60.6405112555628,False
2010-11-07,93,191.08892684584,-158.081935701739,123.133299960272,-63.1402911043728,False
2010-11-14,214,190.792583918909,-150.360938152374,187.057904229255,-13.4895499957895,False
2010-11-21,261,190.496240991978,-86.3501079341111,220.359323267451,-63.5054563253178,False
2010-11-28,466,190.199898065047,-11.5141044309266,291.227480342748,-3.91327397686885,False
2010-12-05,522,189.903555138117,8.67924345012427,271.934003780041,51.4831976317183,False
2010-12-12,511,189.607212211186,34.7880836243858,187.982820807563,98.6218833568654,False
2010-12-19,484,189.310869284255,50.1309242413109,127.869731510324,116.68847496411,False
2010-12-26,448,189.014526357324,92.1187304093431,53.6239273761632,113.24281585717,False
2011-01-02,409,188.718183430393,17.3213087292996,61.1654010910117,141.795106749295,False
2011-01-09,464,188.421840503463,47.4180399119668,77.3658793471508,150.79424023742,False
2011-01-16,469,188.125497576532,94.9479803555032,21.6468604535567,164.279661614408,False
2011-01-23,478,187.586519396322,117.125818721075,17.3394148777949,155.948247004808,False
2011-01-30,429,187.047541216113,14.5440730135287,85.1046645680643,142.303721202294,False
2011-02-06,328,186.508563035903,49.4606117153975,23.1170571531222,68.9137680955772,False
2011-02-13,237,185.969584855694,34.5621659272135,-48.0104250693714,64.478674286464,False
2011-02-20,227,185.430606675484,50.3728528474039,-78.1710612121626,69.3676016892747,False
2011-02-28,274,184.891628495275,-27.1921988264069,9.18315083601637,107.117419495116,False
2011-03-07,200,184.352650315065,6.61374047505343,-71.1198258331835,80.1534350430651,False
2011-03-14,195,183.813672134855,-7.47595191890797,-22.2684934838328,40.9307732678852,False
2011-03-21,185,183.274693954646,-23.4453036267446,-17.4848153508857,42.6554250229843,False
2011-03-28,180,182.735715774436,-46.5807809432227,-14.7233288340833,58.5683940028695,False
2011-04-04,207,182.196737594227,-34.5689201640817,-11.0215513202853,70.3937338901402,False
2011-04-11,186,181.657759414017,-37.0567426310756,0.765329713158796,40.6336535038995,False
2011-04-18,185,181.118781233808,-6.74947522976664,-11.3478105489084,21.9785045448673,False
2011-04-25,287,180.579803053598,-7.50876361803783,56.6845169893649,57.2444435750747,False
2011-05-02,285,180.040824873389,-16.6058647271358,56.6252129726644,64.9398268810827,False
2011-05-09,205,179.501846693179,-29.0712172541241,27.7132611013905,26.8561094595545,False
2011-05-16,180,178.96286851297,7.43995538816559,-39.8858399869971,33.4830160858617,False
2011-05-23,182,178.42389033276,58.8791340794945,-54.3804823166744,-0.922542095580241,False
2011-05-30,77,178.199972115695,17.3843623935251,-83.3336190968005,-35.2507154124192,False
2011-06-06,109,177.976053898629,39.1029320136698,-69.540283297657,-38.5387026146419,False
2011-06-13,201,177.752135681564,74.9127833269032,-68.847549908556,17.1826309000891,False
2011-06-20,197,177.528217464498,112.442891886525,-98.5858927996932,5.6147834486697,False
2011-06-27,200,177.304299247433,24.2997265788573,-34.1934183324199,32.5893925061298,False
2011-07-04,136,177.080381030367,56.0226953813024,-72.4588199339212,-24.6442564777485,False
2011-07-11,178,176.856462813302,67.547063614881,-90.4995183685092,24.0959919403262,False
2011-07-19,124,176.632544596236,86.8138631717187,-149.577078927034,10.1306711590788,False
2011-07-26,120,176.408626379171,-14.3285593487357,-36.0604244821491,-6.01964254828627,False
2011-08-02,118,176.184708162106,21.6313090581816,-60.6993398538322,-19.116677366455,False
2011-08-09,95,175.96078994504,-1.16113346649355,-64.0829565518741,-15.7166999266724,False
2011-08-16,48,175.736871727975,-27.066426146391,-69.9128112290944,-30.7576343524894,False
2011-08-23,91,175.512953510909,-73.3632799142962,26.6495080162412,-37.7991816128543,False
2011-08-30,67,175.289035293844,-75.9993356701377,14.7479512715351,-47.0376508952414,False
2011-09-06,61,175.065117076778,-98.4953869957889,33.349040581588,-48.9187706625776,False
2011-09-13,62,174.841198859713,-98.2068049995368,33.3527552625349,-47.9871491227111,False
2011-09-20,72,174.617280642648,-153.37705503291,112.028642834481,-61.2688684442183,False
2011-09-27,59,174.393362425582,-158.081935701739,99.9466952960925,-57.2581220199357,False
2011-10-04,54,174.526270256662,-150.360938152374,121.041858090328,-91.2071901946158,False
2011-10-11,66,174.659178087741,-86.3501079341111,131.847168931873,-154.156239085503,False
2011-10-18,89,174.792085918821,-11.5141044309266,130.219217949075,-204.497199436969,False
2011-10-25,105,174.9249937499,8.67924345012427,132.429633308082,-211.033870508106,False
2011-11-01,155,175.05790158098,34.7880836243858,119.982342303298,-174.828327508663,False
2011-11-08,174,175.190809412059,50.1309242413109,76.3682651848415,-127.689998838212,False
2011-11-15,216,175.323717243139,92.1187304093431,52.288139775935,-103.730587428417,False
2011-11-22,250,175.456625074218,17.3213087292996,104.995292291234,-47.7732260947521,False
2011-11-29,251,175.589532905298,47.4180399119668,31.6881349783238,-3.69570779558848,False
2011-12-07,230,175.722440736378,94.9479803555032,-27.2051861505221,-13.4652349413587,False
2011-12-14,197,175.855348567457,117.125818721075,-98.7695474705074,2.78838018197536,False
2011-12-21,208,175.988256398537,14.5440730135287,13.7387863975565,3.72888419037812,False
2011-12-28,191,176.121164229616,49.4606117153975,-65.8390701511077,31.257294206094,False
2012-01-04,209,176.254072060696,34.5621659272135,-66.9854943073931,65.1692563194837,False
2012-01-11,170,176.386979891775,50.3728528474039,-66.1650724320181,9.40523969283907,False
2012-01-18,153,176.519887722855,-27.1921988264069,27.5035310405358,-23.8312199369837,False
2012-01-25,147,176.652795553934,6.61374047505343,-18.1517209150575,-18.1148151139303,False
2012-02-01,132,176.785703385014,-7.47595191890797,-41.3193304883631,4.00957902225701,False
2012-02-08,152,176.604153833228,-23.4453036267446,-12.2923600987936,11.1335098923099,False
2012-02-15,117,176.422604281443,-46.5807809432227,13.7124187553976,-26.5542420936177,False
2012-02-22,164,176.241054729657,-34.5689201640817,33.6574885745586,-11.329623140134,False
2012-02-29,130,176.059505177871,-37.0567426310756,6.02099523114911,-15.023757777945,False
2012-03-07,189,175.877955626086,-6.74947522976664,46.1291989092401,-26.2576793055594,False
2012-03-14,154,175.6964060743,-7.50876361803783,135.472743226433,-149.660385682696,False
2012-03-21,120,175.514856522515,-16.6058647271358,127.40822793881,-166.317219734189,False
2012-03-28,123,175.333306970729,-29.0712172541241,119.475353724902,-142.737443441507,False
2012-04-04,177,175.151757418943,7.43995538816559,72.4758753823018,-78.0675881894108,False
2012-04-11,122,174.970207867158,58.8791340794945,5.64349954496221,-117.492841491614,False
2012-04-18,175,174.788658315372,17.3843623935251,-8.0139644056898,-9.15905630320742,False
2012-04-26,168,174.607108763586,39.1029320136698,-34.5851122492149,-11.1249285280413,False
2012-05-03,167,174.425559211801,74.9127833269032,-58.8400142800411,-23.4983282586629,False
2012-05-10,150,174.244009660015,112.442891886525,-152.993471208343,16.3065696618023,False
2012-05-17,150,174.06246010823,24.2997265788573,-84.3589192106844,35.9967325235976,False
2012-05-24,165,173.880910556444,56.0226953813024,-103.592345411189,38.6887394734428,False
2012-05-31,188,173.699361004658,67.547063614881,-128.203498017836,74.9570733982963,False
2012-06-07,194,173.517811452873,86.8138631717187,-151.019580474083,84.6879058494911,False
2012-06-14,179,173.504411455627,-14.3285593487357,-51.0721193311076,70.8962672242159,False
2012-06-21,184,173.491011458382,21.6313090581816,-73.0840832759261,61.9617627593624,False
2012-06-28,109,173.477611461137,-1.16113346649355,-89.4306653051692,26.1141873105257,False
2012-07-05,110,173.464211463892,-27.066426146391,-107.892010940775,71.4942256232741,False
2012-07-12,122,173.450811466646,-73.3632799142962,12.4823051479034,9.43016329974648,False
2012-07-19,132,173.437411469401,-75.9993356701377,-59.8592480810651,94.4211722818015,False
2012-07-26,104,173.424011472156,-98.4953869957889,-54.013821646146,83.085197169779,False
2012-08-02,119,173.410611474911,-98.2068049995368,-44.735083158319,88.5312766829455,False
2012-08-09,103,173.397211477665,-153.37705503291,1.44082646346309,81.5390170917817,False
2012-08-16,90,173.38381148042,-158.081935701739,-15.1415621505525,89.8396863718714,False
2012-08-23,78,173.370411483175,-150.360938152374,-15.909931968257,70.900458637456,False
2012-08-30,73,173.357011485929,-86.3501079341111,-36.0321177089706,22.0252141571521,False
2012-09-06,102,173.343611488684,-11.5141044309266,-68.7165112729287,8.88700421517106,False
2012-09-14,72,173.330211491439,8.67924345012427,-71.1526594097022,-38.856795531861,False
2012-09-21,104,173.316811494194,34.7880836243858,-60.1756682439101,-43.9292268746695,False
2012-09-28,87,173.303411496948,50.1309242413109,-76.2992795208796,-60.1350562173798,False
2012-10-05,75,173.290011499703,92.1187304093431,-111.853967081569,-78.5547748274772,False
2012-10-12,88,173.276611502458,17.3213087292996,-62.2778372385908,-40.3200829931666,False
2012-10-19,94,173.533083890093,47.4180399119668,-94.4448374165834,-32.5062863854766,False
2012-10-26,96,173.789556277729,94.9479803555032,-91.3871344290554,-81.3504022041765,False
2012-11-02,101,174.046028665364,117.125818721075,-142.032960214956,-48.1388871714834,False
2012-11-09,129,174.302501052999,14.5440730135287,-26.0647593414174,-33.7818147251108,False
2012-11-16,177,174.558973440635,49.4606117153975,-71.5854615862163,24.5658764301841,False
2012-11-23,162,174.81544582827,34.5621659272135,-60.1386433721915,12.7610316167078,False
2012-11-30,309,175.071918215906,50.3728528474039,-28.1380630398682,111.693291976559,False
2012-12-07,231,175.328390603541,-27.1921988264069,1.58802445548859,81.275783767377,False
2012-12-14,315,175.584862991176,6.61374047505343,13.6027520268594,119.198644506911,False
2012-12-21,283,175.841335378812,-7.47595191890797,12.1201256258174,102.514490914279,False
2012-12-28,267,176.097807766447,-23.4453036267446,11.040124619342,103.307371240955,False
2013-01-04,347,176.354280154083,-46.5807809432227,121.632296515702,95.5942042734378,False
2013-01-11,409,176.610752541718,-34.5689201640817,123.133299960272,143.824867662092,False
2013-01-18,497,176.867224929353,-37.0567426310756,187.057904229255,170.131613472467,False
2013-01-25,667,177.123697316989,-6.74947522976664,220.359323267451,276.266454645327,False
2013-02-02,641,177.380169704624,-7.50876361803783,291.227480342748,179.901113570666,False
2013-02-09,568,177.636642092259,-16.6058647271358,271.934003780041,135.035218854835,False
2013-02-16,362,177.893114479895,-29.0712172541241,187.982820807563,25.1952819666666,False
2013-02-23,250,178.165261776553,7.43995538816559,127.869731510324,-63.4749486750421,False
2013-03-02,318,178.437409073211,58.8791340794945,53.6239273761632,27.0595294711318,False
2013-03-09,231,178.709556369868,17.3843623935251,61.1654010910117,-26.2593198544053,False
2013-03-16,257,178.981703666526,39.1029320136698,77.3658793471508,-38.4505150273469,False
2013-03-23,200,179.253850963184,74.9127833269032,21.6468604535567,-75.8134947436438,False
2013-03-30,246,179.525998259842,112.442891886525,17.3394148777949,-63.308305024162,False
2013-04-06,243,179.7981455565,24.2997265788573,85.1046645680643,-46.2025367034215,False
2013-04-13,262,180.070292853158,56.0226953813024,23.1170571531222,2.78995461241763,False
2013-04-20,146,180.342440149815,67.547063614881,-48.0104250693714,-53.8790786953249,False
2013-04-27,171,180.614587446473,86.8138631717187,-78.1710612121626,-18.2573894060295,False
2013-05-04,111,180.886734743131,-14.3285593487357,9.18315083601637,-64.7413262304118,False
2013-05-11,97,181.158882039789,21.6313090581816,-71.1198258331835,-34.6703652647869,False
2013-05-18,124,181.431029336447,-1.16113346649355,-22.2684934838328,-34.0014023861206,False
2013-05-25,138,181.703176633105,-27.066426146391,-17.4848153508857,0.848064864172073,False
2013-06-01,63,181.975323929763,-73.3632799142962,-14.7233288340833,-30.8887151813829,False
2013-06-08,68,182.24747122642,-75.9993356701377,-11.0215513202853,-27.2265842359973,False
2013-06-15,84,182.519618523078,-98.4953869957889,0.765329713158796,-0.78956124044808,False
2013-06-23,94,182.791765819736,-98.2068049995368,-11.3478105489084,20.7628497287091,False
2013-06-30,76,183.319241157676,-153.37705503291,56.6845169893649,-10.626703114131,False
2013-07-07,76,183.846716495616,-158.081935701739,56.6252129726644,-6.38999376654198,False
2013-07-14,55,184.374191833556,-150.360938152374,27.7132611013905,-6.72651478257322,False
2013-07-21,78,184.901667171497,-86.3501079341111,-39.8858399869971,19.3342807496114,False
2013-07-28,79,185.429142509437,-11.5141044309266,-54.3804823166744,-40.5345557618356,False
2013-08-04,67,185.956617847377,8.67924345012427,-83.3336190968005,-44.3022422007005,False
2013-08-11,65,186.484093185317,34.7880836243858,-69.540283297657,-86.7318935120457,False
2013-08-18,75,187.011568523257,50.1309242413109,-68.847549908556,-93.2949428560121,False
2013-08-25,84,187.539043861197,92.1187304093431,-98.5858927996932,-97.0718814708471,False
2013-09-01,62,188.066519199137,17.3213087292996,-34.1934183324199,-109.194409596017,False
2013-09-08,77,188.593994537078,47.4180399119668,-72.4588199339212,-86.5532145151232,False
2013-09-15,75,189.121469875018,94.9479803555032,-90.4995183685092,-118.569931862012,False
2013-09-22,64,189.648945212958,117.125818721075,-149.577078927034,-93.1976850069992,False
2013-09-29,75,190.176420550898,14.5440730135287,-36.0604244821491,-93.6600690822776,False
2013-10-06,84,190.703895888838,49.4606117153975,-60.6993398538322,-95.4651677504034,False
2013-10-13,79,191.231371226778,34.5621659272135,-64.0829565518741,-82.7105806021177,False
2013-10-20,73,191.758846564718,50.3728528474039,-69.9128112290944,-99.2188881830279,False
2013-10-27,80,192.286321902659,-27.1921988264069,26.6495080162412,-111.743631092493,False
2013-11-03,141,193.044920020867,6.61374047505343,14.7479512715351,-73.4066117674552,False
2013-11-11,169,193.803518139075,-7.47595191890797,33.349040581588,-50.676606801755,False
2013-11-18,160,194.562116257283,-23.4453036267446,33.3527552625349,-44.4695678930734,False
2013-11-25,197,195.320714375491,-46.5807809432227,112.028642834481,-63.7685762667496,False
2013-12-02,246,196.0793124937,-34.5689201640817,99.9466952960925,-15.4570876257104,False
2013-12-09,265,196.837910611908,-37.0567426310756,121.041858090328,-15.8230260711603,False
2013-12-16,307,197.596508730116,-6.74947522976664,131.847168931873,-15.6942024322224,False
2013-12-23,302,198.355106848324,-7.50876361803783,130.219217949075,-19.0655611793615,False
2013-12-30,315,199.113704966533,-16.6058647271358,132.429633308082,0.0625264525216664,False
2014-01-06,311,199.872303084741,-29.0712172541241,119.982342303298,20.2165718660857,False
2014-01-13,296,200.630901202949,7.43995538816559,76.3682651848415,11.5608782240438,False
2014-01-20,322,201.389499321157,58.8791340794945,52.288139775935,9.44322682341365,False
2014-01-27,296,202.148097439365,17.3843623935251,104.995292291234,-28.5277521241244,False
2014-02-03,258,202.906695557574,39.1029320136698,31.6881349783238,-15.6977625495671,False
2014-02-10,224,203.665293675782,74.9127833269032,-27.2051861505221,-27.3728908521628,False
2014-02-17,249,204.42389179399,112.442891886525,-98.7695474705074,30.9027637899926,False
2014-02-24,225,205.182489912198,24.2997265788573,13.7387863975565,-18.2210028886122,False
2014-03-03,192,205.941088030406,56.0226953813024,-65.8390701511077,-4.12471326060106,False
2014-03-10,173,206.963563410881,67.547063614881,-66.9854943073931,-34.525132718369,False
2014-03-17,187,207.986038791356,86.8138631717187,-66.1650724320181,-41.6348295310563,False
2014-03-24,196,209.00851417183,-14.3285593487357,27.5035310405358,-26.18348586363,False
2014-04-01,216,210.030989552305,21.6313090581816,-18.1517209150575,2.48942230457124,False
2014-04-08,214,211.053464932779,-1.16113346649355,-41.3193304883631,45.4269990220775,False
2014-04-15,188,212.075940313254,-27.066426146391,-12.2923600987936,15.2828459319309,False
2014-04-22,188,213.098415693728,-73.3632799142962,13.7124187553976,34.5524454651703,False
2014-04-29,215,214.120891074203,-75.9993356701377,33.6574885745586,43.2209560213764,False
2014-05-06,175,215.143366454677,-98.4953869957889,6.02099523114911,52.3310253099625,False
2014-05-13,172,216.165841835152,-98.2068049995368,46.1291989092401,7.91176425514476,False
2014-05-20,181,217.188317215626,-153.37705503291,135.472743226433,-18.2840054091496,False
2014-05-27,177,218.210792596101,-158.081935701739,127.40822793881,-10.5370848331721,False
2014-06-03,174,219.233267976575,-150.360938152374,119.475353724902,-14.3476835491042,False
2014-06-10,219,220.25574335705,-86.3501079341111,72.4758753823018,12.6184891947591,False
2014-06-17,181,221.278218737525,-11.5141044309266,5.64349954496221,-34.4076138515602,False
2014-06-24,191,222.300694117999,8.67924345012427,-8.0139644056898,-31.9659731624336,False
2014-07-01,198,223.323169498474,34.7880836243858,-34.5851122492149,-25.5261408736446,False
2014-07-08,170,224.345644878948,50.1309242413109,-58.8400142800411,-45.636554840218,False
2014-07-15,178,226.023764066909,92.1187304093431,-152.993471208343,12.8509767320905,False
2014-07-22,159,227.70188325487,17.3213087292996,-84.3589192106844,-1.66427277348521,False
2014-07-29,153,229.380002442831,47.4180399119668,-103.592345411189,-20.2056969436087,False
2014-08-05,180,231.058121630792,94.9479803555032,-128.203498017836,-17.802603968459,False
2014-08-12,170,232.736240818752,117.125818721075,-151.019580474083,-28.8424790657449,False
2014-08-20,157,234.414360006713,14.5440730135287,-51.0721193311076,-40.8863136891344,False
2014-08-27,169,236.092479194674,49.4606117153975,-73.0840832759261,-43.4690076341457,False
2014-09-03,159,237.770598382635,34.5621659272135,-89.4306653051692,-23.9020990046795,False
2014-09-10,124,239.448717570596,50.3728528474039,-107.892010940775,-57.929559477225,False
2014-09-17,147,241.126836758557,-27.1921988264069,12.4823051479034,-79.4169430800532,False
2014-09-24,111,242.804955946518,6.61374047505343,-59.8592480810651,-78.5594483405059,False
2014-10-01,136,244.483075134478,-7.47595191890797,-54.013821646146,-46.9933015694245,False
2014-10-08,163,246.161194322439,-23.4453036267446,-44.735083158319,-14.9808075373756,False
2014-10-15,214,247.8393135104,-46.5807809432227,1.44082646346309,11.3006409693594,False
2014-10-22,228,249.517432698361,-34.5689201640817,-15.1415621505525,28.1930496162729,False
2014-10-29,252,251.195551886322,-37.0567426310756,-15.909931968257,53.7711227130107,False
2014-11-05,286,252.873671074283,-6.74947522976664,-36.0321177089706,75.9079218644544,False
2014-11-12,302,254.551790262244,-7.50876361803783,-68.7165112729287,123.673484628723,False
2014-11-19,281,256.408933269059,-16.6058647271358,-71.1526594097022,112.349590867778,False
2014-11-26,310,258.266076275875,-29.0712172541241,-60.1756682439101,140.980809222159,False
2014-12-03,371,260.123219282691,7.43995538816559,-76.2992795208796,179.736104850023,False
2014-12-10,415,261.980362289507,58.8791340794945,-111.853967081569,205.994470712568,False
2014-12-17,381,263.837505296323,17.3843623935251,-62.2778372385908,162.055969548743,False
2014-12-24,381,265.694648303138,39.1029320136698,-94.4448374165834,170.647257099775,False
2014-12-31,481,267.551791309954,74.9127833269032,-91.3871344290554,229.922559792198,False
2015-01-08,405,269.40893431677,112.442891886525,-142.032960214956,165.181134011661,False
2015-01-15,388,271.266077323586,24.2997265788573,-26.0647593414174,118.498955438974,False
2015-01-22,342,273.123220330402,56.0226953813024,-71.5854615862163,84.4395458745125,False
2015-01-29,367,274.980363337217,67.547063614881,-60.1386433721915,84.6112164200932,False
2015-02-05,341,276.837506344033,86.8138631717187,-28.1380630398682,5.48669352411616,False
2015-02-12,284,278.694649350849,-14.3285593487357,1.58802445548859,18.0458855423983,False
2015-02-19,291,280.551792357665,21.6313090581816,13.6027520268594,-24.7858534427058,False
2015-02-26,264,282.40893536448,-1.16113346649355,12.1201256258174,-29.3679275238042,False
2015-03-05,227,284.266078371296,-27.066426146391,11.040124619342,-41.2397768442473,False
2015-03-12,316,286.123221378112,-73.3632799142962,121.632296515702,-18.3922379795183,False
2015-03-19,271,287.980364384928,-75.9993356701377,123.133299960272,-64.1143286750623,False
2015-03-26,237,288.563212910932,-98.4953869957889,187.057904229255,-140.125730144398,False
2015-04-02,215,289.146061436936,-98.2068049995368,220.359323267451,-196.29857970485,False
2015-04-09,268,289.72890996294,-153.37705503291,291.227480342748,-159.579335272778,False
2015-04-16,234,290.311758488944,-158.081935701739,271.934003780041,-170.163826567247,False
2015-04-23,221,290.894607014948,-150.360938152374,187.982820807563,-107.516489670137,False
2015-04-30,296,291.477455540952,-86.3501079341111,127.869731510324,-36.9970791171654,False
2015-05-07,210,292.060304066957,-11.5141044309266,53.6239273761632,-124.170127012193,False
2015-05-14,263,292.643152592961,8.67924345012427,61.1654010910117,-99.4877971340967,False
2015-05-21,309,293.226001118965,34.7880836243858,77.3658793471508,-96.3799640905017,False
2015-05-29,293,293.808849644969,50.1309242413109,21.6468604535567,-72.5866343398366,False
2015-06-05,327,294.391698170973,92.1187304093431,17.3394148777949,-76.8498434581111,False
2015-06-12,317,294.974546696977,17.3213087292996,85.1046645680643,-80.400519994341,False
2015-06-19,310,295.557395222981,47.4180399119668,23.1170571531222,-56.0924922880703,False
2015-06-26,348,296.140243748985,94.9479803555032,-48.0104250693714,4.92220096488256,False
2015-07-03,300,296.723092274989,117.125818721075,-78.1710612121626,-35.6778497839022,False
2015-07-10,294,297.305940800994,14.5440730135287,9.18315083601637,-27.0331646505386,False
2015-07-17,246,297.888789326998,49.4606117153975,-71.1198258331835,-30.2295752092116,False
2015-07-24,319,298.471637853002,34.5621659272135,-22.2684934838328,8.23468970361756,False
2015-07-31,303,298.519160174452,50.3728528474039,-17.4848153508857,-28.4071976709706,False
2015-08-07,244,298.566682495903,-27.1921988264069,-14.7233288340833,-12.6511548354126,False
2015-08-14,266,298.614204817353,6.61374047505343,-11.0215513202853,-28.2063939721214,False
2015-08-21,267,298.661727138804,-7.47595191890797,0.765329713158796,-24.9511049330546,False
2015-08-28,236,298.709249460254,-23.4453036267446,-11.3478105489084,-27.9161352846013,False
2015-09-04,277,298.756771781705,-46.5807809432227,56.6845169893649,-31.8605078278472,False
2015-09-11,277,298.804294103155,-34.5689201640817,56.6252129726644,-43.8605869117383,False
2015-09-18,284,298.851816424606,-37.0567426310756,27.7132611013905,-5.50833489492061,False
2015-09-25,214,298.899338746056,-6.74947522976664,-39.8858399869971,-38.2640235292926,False
2015-10-02,293,298.946861067507,-7.50876361803783,-54.3804823166744,55.9423848672052,False
2015-10-09,293,298.994383388957,-16.6058647271358,-83.3336190968005,93.9451004349789,False
2015-10-17,340,299.041905710408,-29.0712172541241,-69.540283297657,139.569594841373,False
2015-10-24,328,299.089428031858,7.43995538816559,-68.847549908556,90.3181664885319,False
2015-10-31,365,299.136950353309,58.8791340794945,-98.5858927996932,105.56980836689,False
2015-11-07,373,299.184472674759,17.3843623935251,-34.1934183324199,90.6245832641354,False
2015-11-14,391,299.23199499621,39.1029320136698,-72.4588199339212,125.123892924042,False
2015-11-21,392,299.279517317661,74.9127833269032,-90.4995183685092,108.307217723946,False
2015-11-28,359,299.327039639111,112.442891886525,-149.577078927034,96.807147401398,False
2015-12-05,401,299.418944898712,24.2997265788573,-36.0604244821491,113.34175300458,False
2015-12-12,423,299.510850158313,56.0226953813024,-60.6993398538322,128.165794314217,False
2015-12-19,415,299.602755417914,67.547063614881,-64.0829565518741,111.933137519079,False
2015-12-26,460,299.694660677515,86.8138631717187,-69.9128112290944,143.404287379861,False
2016-01-02,475,299.786565937116,-14.3285593487357,26.6495080162412,162.892485395379,False
2016-01-09,470,299.878471196717,21.6313090581816,14.7479512715351,133.742268473567,False
2016-01-16,445,299.970376456318,-1.16113346649355,33.349040581588,112.841716428588,False
2016-01-23,412,300.062281715918,-27.066426146391,33.3527552625349,105.651389167938,False
2016-01-30,477,300.154186975519,-73.3632799142962,112.028642834481,138.180450104296,False
2016-02-06,410,300.24609223512,-75.9993356701377,99.9466952960925,85.806548138925,False
2016-02-13,443,300.337997494721,-98.4953869957889,121.041858090328,120.115531410739,False
2016-02-20,517,300.429902754322,-98.2068049995368,131.847168931873,182.929733313342,False
2016-02-27,514,300.521808013923,-153.37705503291,130.219217949075,236.636029069911,False
2016-03-06,499,300.613713273524,-158.081935701739,132.429633308082,224.038589120133,False
2016-03-13,438,300.705618533125,-150.360938152374,119.982342303298,167.672977315951,False
2016-03-20,420,300.797523792726,-86.3501079341111,76.3682651848415,129.184318956543,False
2016-03-27,449,300.889429052327,-11.5141044309266,52.288139775935,107.336535602665,False
2016-04-03,504,300.981334311928,8.67924345012427,104.995292291234,89.3441299467142,False
2016-04-10,400,301.090014709382,34.7880836243858,31.6881349783238,32.4337666879081,False
2016-04-17,378,301.198695106836,50.1309242413109,-27.2051861505221,53.8755668023749,False
2016-04-24,274,301.307375504291,92.1187304093431,-98.7695474705074,-20.656558443126,False
2016-05-01,360,301.416055901745,17.3213087292996,13.7387863975565,27.523848971399,False
2016-05-08,269,301.524736299199,47.4180399119668,-65.8390701511077,-14.1037060600581,False
2016-05-15,312,301.633416696653,94.9479803555032,-66.9854943073931,-17.5959027447635,False
2016-05-22,398,301.742097094108,117.125818721075,-66.1650724320181,45.2971566168355,False
2016-05-29,407,301.850777491562,14.5440730135287,27.5035310405358,63.1016184543738,False
2016-06-05,362,301.959457889016,49.4606117153975,-18.1517209150575,28.7316513106439,False
2016-06-12,259,302.06813828647,34.5621659272135,-41.3193304883631,-36.3109737253207,False
2016-06-19,327,302.176818683925,50.3728528474039,-12.2923600987936,-13.2573114325349,False
2016-06-26,294,302.285499081379,-27.1921988264069,13.7124187553976,5.1942809896305,False
2016-07-03,324,302.394179478833,6.61374047505343,33.6574885745586,-18.6654085284452,False
2016-07-10,277,302.502859876287,-7.47595191890797,6.02099523114911,-24.0479031885286,False
2016-07-17,263,302.611540273742,-23.4453036267446,46.1291989092401,-62.2954355562372,False
2016-07-25,263,302.720220671196,-46.5807809432227,135.472743226433,-128.612182954406,False
2016-08-01,287,302.82890106865,-34.5689201640817,127.40822793881,-108.668208843378,False
2016-08-08,244,302.937581466104,-37.0567426310756,119.475353724902,-141.356192559931,False
2016-08-15,202,303.016682295233,-6.74947522976664,72.4758753823018,-166.743082447768,False
2016-08-22,198,303.095783124362,-7.50876361803783,5.64349954496221,-103.230519051286,False
2016-08-29,207,303.17488395349,-16.6058647271358,-8.0139644056898,-71.5550548206644,False
2016-09-05,208,303.253984782619,-29.0712172541241,-34.5851122492149,-31.5976552792795,False
2016-09-12,232,303.333085611747,7.43995538816559,-58.8400142800411,-19.9330267198717,False
2016-09-19,166,303.412186440876,58.8791340794945,-152.993471208343,-43.2978493120274,False
2016-09-26,205,303.491287270004,17.3843623935251,-84.3589192106844,-31.516730452845,False
2016-10-03,193,303.570388099133,39.1029320136698,-103.592345411189,-46.0809747016136,False
2016-10-10,187,303.649488928261,74.9127833269032,-128.203498017836,-63.3587742373287,False
2016-10-17,181,303.72858975739,112.442891886525,-151.019580474083,-84.1519011698322,False
2016-10-24,192,303.807690586518,24.2997265788573,-51.0721193311076,-85.0352978342682,False
2016-10-31,224,303.886791415647,56.0226953813024,-73.0840832759261,-62.8254035210234,False
2016-11-07,246,303.965892244776,67.547063614881,-89.4306653051692,-36.0822905544875,False
2016-11-14,235,304.044993073904,86.8138631717187,-107.892010940775,-47.9668453048479,False
2016-11-21,243,304.124093903033,-14.3285593487357,12.4823051479034,-59.2778397022003,False
