date,observation,trend,seasonal51,seasonal126,remainder,is_projected
2010-01-01,258,183.545230585536,121.732296686725,-8.4660724687714,-38.8114548034893,False
2010-01-08,638,183.522271557294,213.608254711135,62.3134860860754,178.555987645495,False
2010-01-15,639,183.499312529053,221.782666738399,58.8842876262488,174.833733106299,False
2010-01-22,670,183.476353500812,272.287021312704,32.72318450945,181.513440677034,False
2010-01-29,572,183.45339447257,321.148101891088,-43.3278831565231,110.726386792864,False
2010-02-05,570,183.430435444329,284.056499378961,-40.6488033337223,143.161868510432,False
2010-02-12,339,183.407476416088,267.68334232681,-125.329421666373,13.2386029234748,False
2010-02-19,298,183.384517387847,223.32325519513,-117.117018252103,8.40924566912648,False
2010-02-26,342,183.361558359605,185.780836122654,-81.812239384308,54.669844902048,False
2010-03-05,195,183.338599331364,108.927396748134,-100.625031258791,3.35903517929265,False
2010-03-12,144,183.315640303123,51.9072884347287,-102.249914370548,11.0269856326962,False
2010-03-19,190,183.292681274882,62.2201997344788,-68.4828917865486,12.9700107771883,False
2010-03-26,129,183.26972224664,-30.3619988652584,-24.3237891746516,0.416065793269638,False
2010-04-02,144,183.246763218399,-22.2834985949719,-13.9088643654534,-3.05440025797381,False
2010-04-09,193,183.223804190158,-14.0557976698079,-7.33767175938841,31.1696652390385,False
2010-04-16,194,183.200845161917,-93.5399021325612,75.4949826764846,28.8440742941602,False
2010-04-23,153,183.177886133675,-81.8506792072893,30.0001716601754,21.6726214134387,False
2010-04-30,119,183.154927105434,-69.0137007185965,39.5422260170948,-34.6834524039321,False
2010-05-07,311,183.131968077193,-49.594049180514,125.748892830862,51.7131882724592,False
2010-05-14,102,183.109009048951,-108.070572592252,52.3054448578607,-25.3438813145605,False
2010-05-22,85,183.08605002071,-123.970533937194,39.839699301519,-13.9552153850356,False
2010-05-29,87,183.049827039541,-97.5295613171012,23.1014991864938,-21.6217649089335,False
2010-06-05,113,183.013604058372,-108.719499126611,47.308129786329,-8.6022347180899,False
2010-06-12,62,182.977381077202,-79.3594662839293,12.5747816489223,-54.1926964421954,False
2010-06-19,42,182.941158096033,-17.0613900262717,-27.9430260842945,-95.936741985467,False
2010-06-26,85,182.904935114864,-1.16154375865465,-2.6886210292847,-94.0547703269246,False
2010-07-03,69,182.868712133695,26.1993411449504,-38.3934787007163,-101.674574577929,False
2010-07-10,84,182.832489152526,19.4050148636692,-25.6996079191748,-92.5378960970199,False
2010-07-17,93,182.796266171356,52.5239207792136,-85.9773831407479,-56.342803809822,False
2010-07-24,90,182.760043190187,48.1066132530407,-91.4608943208605,-49.4057621223674,False
2010-07-31,84,182.723820209018,45.7200123602611,-84.0128848044576,-60.4309477648213,False
2010-08-07,51,182.687597227849,46.2845500226003,-104.305240865468,-73.6669063849805,False
2010-08-14,34,182.651374246679,-3.29302350636827,-37.7205943345079,-107.637756405803,False
2010-08-21,38,182.61515126551,-34.271736338734,20.7480479814475,-131.091462908224,False
2010-08-28,38,182.578928284341,-38.6605765260404,26.0319965105689,-131.95034826887,False
2010-09-04,85,182.542705303172,-54.3758215211535,35.3741246848099,-78.5410084668281,False
2010-09-11,51,182.506482322002,-110.061176322025,33.9436759383857,-55.3889819383635,False
2010-09-18,51,182.470259340833,-106.008027629216,10.1259915259035,-35.5882232375209,False
2010-09-25,37,182.434036359664,-118.90590267485,14.2897768167494,-40.8179105015637,False
2010-10-02,38,182.397813378495,-190.287242730121,65.903123609907,-20.0136942582805,False
2010-10-10,52,182.361590397326,-169.520212713675,68.3339463007358,-29.175323984386,False
2010-10-17,49,182.294013888884,-177.160735080393,41.8460618223508,2.02065936915764,False
2010-10-24,59,182.226437380443,-216.665962520473,137.378169215433,-43.9386440754028,False
2010-10-31,99,182.158860872001,-187.497997863042,128.911980064243,-24.5728430732019,False
2010-11-07,93,182.09128436356,-184.98745816585,132.751531512331,-36.8553577100404,False
2010-11-14,214,182.023707855118,-121.572097390275,96.3834865383649,57.1649029967919,False
2010-11-21,261,181.956131346677,-105.464143318539,150.85890483894,33.6491071329216,False
2010-11-28,466,181.888554838235,-31.6627857096834,178.796809521274,136.977421350174,False
2010-12-05,522,181.820978329794,40.2129731911025,154.294662130897,145.671386348206,False
2010-12-12,511,181.753401821353,62.8012344508017,146.252234019078,120.193129708767,False
2010-12-19,484,181.685825312911,71.2562742885213,116.83975496241,114.218145436157,False
2010-12-26,448,181.61824880447,121.732296686725,20.7494667781365,123.899987730668,False
2011-01-02,409,181.550672296028,213.608254711135,-28.2455573492812,42.086630342118,False
2011-01-09,464,181.483095787587,221.782666738399,-19.1160052564833,79.8502427304972,False
2011-01-16,469,181.415519279145,272.287021312704,-56.7183577524241,72.0158171605744,False
2011-01-23,478,181.347942770704,321.148101891088,-103.928106186733,79.4320615249412,False
2011-01-30,429,181.280366262262,284.056499378961,-102.074373773411,65.7375081321879,False
2011-02-06,328,181.212789753821,267.68334232681,-156.247006217253,35.350874136622,False
2011-02-13,237,181.14521324538,223.32325519513,-165.859950156762,-1.60851828374754,False
2011-02-20,227,181.077636736938,185.780836122654,-122.713852039207,-17.1446208203857,False
2011-02-28,274,181.010060228497,108.927396748134,-71.569849234065,55.6323922574342,False
2011-03-07,200,180.913605232982,51.9072884347287,-70.2222898960791,37.401396228369,False
2011-03-14,195,180.817150237467,62.2201997344788,-65.4828248323979,17.4454748604524,False
2011-03-21,185,180.720695241952,-30.3619988652584,30.6487201972135,3.99258342609301,False
2011-03-28,180,180.624240246437,-22.2834985949719,14.0360874338738,7.62317091466102,False
2011-04-04,207,180.527785250922,-14.0557976698079,36.9130558374065,3.61495658147936,False
2011-04-11,186,180.431330255407,-93.5399021325612,134.82015098327,-35.7115791061164,False
2011-04-18,185,180.334875259892,-81.8506792072893,116.066447363346,-29.5506434159492,False
2011-04-25,287,180.238420264377,-69.0137007185965,144.016275800956,31.759004653263,False
2011-05-02,285,180.141965268862,-49.594049180514,158.977056128197,-4.52497221654502,False
2011-05-09,205,180.045510273348,-108.070572592252,130.287721583026,2.73734073587812,False
2011-05-16,180,179.949055277833,-123.970533937194,129.57608947958,-5.55461082021975,False
2011-05-23,182,179.852600282318,-97.5295613171012,114.254981322017,-14.5780202872335,False
2011-05-30,77,179.756145286803,-108.719499126611,82.5453706074876,-76.5820167676795,False
2011-06-06,109,179.659690291288,-79.3594662839293,65.8957810672987,-57.1960050746573,False
2011-06-13,201,179.563235295773,-17.0613900262717,5.07032320614267,33.427831524356,False
2011-06-20,197,179.466780300258,-1.16154375865465,35.3504113681413,-16.6556479097446,False
2011-06-27,200,179.370325304743,26.1993411449504,0.337903638396567,-5.90757008809021,False
2011-07-04,136,179.273870309228,19.4050148636692,-35.9425424041356,-26.7363427687619,False
2011-07-11,178,179.177415313713,52.5239207792136,-26.5279677689464,-27.1733683239806,False
2011-07-19,124,179.080960318199,48.1066132530407,-53.8544861483303,-49.333087422909,False
2011-07-26,120,179.130313896653,45.7200123602611,-79.9671871761693,-24.8831390807449,False
2011-08-02,118,179.179667475108,46.2845500226003,-144.153587106866,36.6893696091577,False
2011-08-09,95,179.229021053562,-3.29302350636827,-104.129651150091,23.1936536028971,False
2011-08-16,48,179.278374632017,-34.271736338734,-105.888386080095,8.88174778681127,False
2011-08-23,91,179.327728210472,-38.6605765260404,-74.498481423447,24.8313297390155,False
2011-08-30,67,179.377081788926,-54.3758215211535,-76.891627443076,18.8903671753029,False
2011-09-06,61,179.426435367381,-110.061176322025,-40.7240169889956,32.3587579436391,False
2011-09-13,62,179.475788945836,-106.008027629216,-13.2769755681911,1.80921425157118,False
2011-09-20,72,179.52514252429,-118.90590267485,-4.17346298812648,15.5542231386857,False
2011-09-27,59,179.574496102745,-190.287242730121,39.0462778718542,30.666468755522,False
2011-10-04,54,179.6238496812,-169.520212713675,5.75016124629753,38.1462017861779,False
2011-10-11,66,179.673203259654,-177.160735080393,16.857169768286,46.6303620524521,False
2011-10-18,89,179.722556838109,-216.665962520473,93.6508367924344,32.2925688899289,False
2011-10-25,105,179.771910416564,-187.497997863042,85.1128739677565,27.6132134787218,False
2011-11-01,155,179.821263995018,-184.98745816585,106.080464791795,54.0857293790363,False
2011-11-08,174,179.870617573473,-121.572097390275,66.8404592849881,48.861020531814,False
2011-11-15,216,179.919971151928,-105.464143318539,97.7772503203745,43.7669218462365,False
2011-11-22,250,179.969324730382,-31.6627857096834,93.5098611548682,8.18359982443292,False
2011-11-29,251,180.018678308837,40.2129731911025,24.1357531801141,6.63259531994652,False
2011-12-07,230,180.068031887292,62.8012344508017,4.50358348086542,-17.3728498189589,False
2011-12-14,197,179.968196615393,71.2562742885213,-37.4663053393283,-16.7581655645857,False
2011-12-21,208,179.868361343494,121.732296686725,-86.4473366090892,-7.1533214211297,False
2011-12-28,191,179.768526071595,213.608254711135,-129.666437181553,-72.7103436011766,False
2012-01-04,209,179.668690799696,221.782666738399,-127.427628165847,-65.0237293722471,False
2012-01-11,170,179.568855527797,272.287021312704,-182.25405711862,-99.6018197218811,False
2012-01-18,153,179.469020255898,321.148101891088,-223.956953987448,-123.660168159538,False
2012-01-25,147,179.369184983999,284.056499378961,-203.285978419545,-113.139705943415,False
2012-02-01,132,179.2693497121,267.68334232681,-215.989578898326,-98.9631131405843,False
2012-02-08,152,179.169514440201,223.32325519513,-180.675283614906,-69.8174860204253,False
2012-02-15,117,179.069679168302,185.780836122654,-164.698766765434,-83.1517485255217,False
2012-02-22,164,178.969843896403,108.927396748134,-90.8661701132422,-33.031070531295,False
2012-02-29,130,178.870008624504,51.9072884347287,-64.2451753141372,-36.5321217450954,False
2012-03-07,189,178.770173352605,62.2201997344788,-37.6274879177064,-14.3628851693778,False
2012-03-14,154,178.670338080706,-30.3619988652584,11.9228093313472,-6.23114854679497,False
2012-03-21,120,178.570502808807,-22.2834985949719,-5.9122261709937,-30.3747780428416,False
2012-03-28,123,178.470667536908,-14.0557976698079,-7.84635013155213,-33.5685197355481,False
2012-04-04,177,178.370832265009,-93.5399021325612,76.317161106667,15.851908760885,False
2012-04-11,122,178.27099699311,-81.8506792072893,43.3198236150276,-17.7401414008486,False
2012-04-18,175,178.171161721211,-69.0137007185965,48.4523845332592,17.3901544641258,False
2012-04-26,168,178.071326449312,-49.594049180514,66.7259614634775,-27.2032387322757,False
2012-05-03,167,177.770079487801,-108.070572592252,93.7173767448684,3.58311635958265,False
2012-05-10,150,177.468832526289,-123.970533937194,116.749223472974,-20.2475220620691,False
2012-05-17,150,177.167585564778,-97.5295613171012,78.1581926793703,-7.79621692704697,False
2012-05-24,165,176.866338603266,-108.719499126611,94.5363204524876,2.3168400708573,False
2012-05-31,188,176.565091641755,-79.3594662839293,70.7927611309491,20.0016135112253,False
2012-06-07,194,176.263844680243,-17.0613900262717,-8.4660724687714,43.2636178148,False
2012-06-14,179,175.962597718732,-1.16154375865465,62.3134860860754,-58.1145400461524,False
2012-06-21,184,175.66135075722,26.1993411449504,58.8842876262488,-76.7449795284195,False
2012-06-28,109,175.360103795709,19.4050148636692,32.72318450945,-118.488303168828,False
2012-07-05,110,175.058856834197,52.5239207792136,-43.3278831565231,-74.2548944568874,False
2012-07-12,122,174.757609872686,48.1066132530407,-40.6488033337223,-60.2154197920038,False
2012-07-19,132,174.456362911174,45.7200123602611,-125.329421666373,37.1530463949376,False
2012-07-26,104,174.155115949662,46.2845500226003,-117.117018252103,0.677352279840619,False
2012-08-02,119,173.853868988151,-3.29302350636827,-81.812239384308,30.2513939025251,False
2012-08-09,103,173.552622026639,-34.271736338734,-100.625031258791,64.3441455708855,False
2012-08-16,90,173.251375065128,-38.6605765260404,-102.249914370548,57.6591158314604,False
2012-08-23,78,172.950128103616,-54.3758215211535,-68.4828917865486,27.9085852040857,False
2012-08-30,73,172.648881142105,-110.061176322025,-24.3237891746516,34.7360843545714,False
2012-09-06,102,172.347634180593,-106.008027629216,-13.9088643654534,49.569257814076,False
2012-09-14,72,172.046387219082,-118.90590267485,-7.33767175938841,26.1971872151564,False
2012-09-21,104,172.093038083795,-190.287242730121,75.4949826764846,46.6992219698416,False
2012-09-28,87,172.139688948508,-169.520212713675,30.0001716601754,54.3803521049915,False
2012-10-05,75,172.186339813222,-177.160735080393,39.5422260170948,40.432169250076,False
2012-10-12,88,172.232990677935,-216.665962520473,125.748892830862,6.68407901167572,False
2012-10-19,94,172.279641542648,-187.497997863042,52.3054448578607,56.9129114625331,False
2012-10-26,96,172.326292407362,-184.98745816585,39.839699301519,68.8214664569693,False
2012-11-02,101,172.372943272075,-121.572097390275,23.1014991864938,27.0976549317066,False
2012-11-09,129,172.419594136788,-105.464143318539,47.308129786329,14.7364193954215,False
2012-11-16,177,172.466245001501,-31.6627857096834,12.5747816489223,23.6217590592596,False
2012-11-23,162,172.512895866215,40.2129731911025,-27.9430260842945,-22.7828429730227,False
2012-11-30,309,172.559546730928,62.8012344508017,-2.6886210292847,76.3278398475549,False
2012-12-07,231,172.606197595641,71.2562742885213,-38.3934787007163,25.5310068165537,False
2012-12-14,315,172.652848460355,121.732296686725,-25.6996079191748,46.3144627720951,False
2012-12-21,283,172.699499325068,213.608254711135,-85.9773831407479,-17.330370895455,False
2012-12-28,267,172.746150189781,221.782666738399,-91.4608943208605,-36.0679226073198,False
2013-01-04,347,172.792801054495,272.287021312704,-84.0128848044576,-14.0669375627411,False
2013-01-11,409,172.839451919208,321.148101891088,-104.305240865468,19.3176870551723,False
2013-01-18,497,172.886102783921,284.056499378961,-37.7205943345079,77.7779921716257,False
2013-01-25,667,172.932753648634,267.68334232681,20.7480479814475,205.635856043108,False
2013-02-02,641,172.979404513348,223.32325519513,26.0319965105689,218.665343780952,False
2013-02-09,568,173.525969011016,185.780836122654,35.3741246848099,173.31907018152,False
2013-02-16,362,174.072533508684,108.927396748134,33.9436759383857,45.0563938047966,False
2013-02-23,250,174.619098006352,51.9072884347287,10.1259915259035,13.3476220330164,False
2013-03-02,318,175.165662504019,62.2201997344788,14.2897768167494,66.3243609447524,False
2013-03-09,231,175.712227001687,-30.3619988652584,65.903123609907,19.746648253664,False
2013-03-16,257,176.258791499355,-22.2834985949719,68.3339463007358,34.6907607948808,False
2013-03-23,200,176.805355997023,-14.0557976698079,41.8460618223508,-4.59562014956626,False
2013-03-30,246,177.351920494691,-93.5399021325612,137.378169215433,24.8098124224373,False
2013-04-06,243,177.898484992359,-81.8506792072893,128.911980064243,18.0402141506874,False
2013-04-13,262,178.445049490027,-69.0137007185965,132.751531512331,19.8171197162387,False
2013-04-20,146,178.991613987695,-49.594049180514,96.3834865383649,-79.7810513455459,False
2013-04-27,171,179.538178485363,-108.070572592252,150.85890483894,-51.3265107320516,False
2013-05-04,111,180.084742983031,-123.970533937194,178.796809521274,-123.911018567111,False
2013-05-11,97,180.631307480699,-97.5295613171012,154.294662130897,-140.396408294495,False
2013-05-18,124,181.177871978367,-108.719499126611,146.252234019078,-94.7106068708343,False
2013-05-25,138,181.724436476035,-79.3594662839293,116.83975496241,-81.2047251545159,False
2013-06-01,63,182.271000973703,-17.0613900262717,20.7494667781365,-122.959077725567,False
2013-06-08,68,182.817565471371,-1.16154375865465,-28.2455573492812,-85.4104643634347,False
2013-06-15,84,183.364129969038,26.1993411449504,-19.1160052564833,-106.447465857506,False
2013-06-23,94,183.910694466706,19.4050148636692,-56.7183577524241,-52.5973515779515,False
2013-06-30,76,184.592634971426,52.5239207792136,-103.928106186733,-57.1884495639059,False
2013-07-07,76,185.274575476145,48.1066132530407,-102.074373773411,-55.3068149557743,False
2013-07-14,55,185.956515980864,45.7200123602611,-156.247006217253,-20.429522123872,False
2013-07-21,78,186.638456485584,46.2845500226003,-165.859950156762,10.9369436485786,False
2013-07-28,79,187.320396990303,-3.29302350636827,-122.713852039207,17.686478555272,False
2013-08-04,67,188.002337495022,-34.271736338734,-71.569849234065,-15.1607519222231,False
2013-08-11,65,188.684277999741,-38.6605765260404,-70.2222898960791,-14.8014115776218,False
2013-08-18,75,189.366218504461,-54.3758215211535,-65.4828248323979,5.4924278490908,False
2013-08-25,84,190.04815900918,-110.061176322025,30.6487201972135,-26.6357028843686,False
2013-09-01,62,190.730099513899,-106.008027629216,14.0360874338738,-36.7581593185571,False
2013-09-08,77,191.412040018618,-118.90590267485,36.9130558374065,-32.4191931811752,False
2013-09-15,75,192.093980523338,-190.287242730121,134.82015098327,-61.6268887764869,False
2013-09-22,64,192.775921028057,-169.520212713675,116.066447363346,-75.3221556777281,False
2013-09-29,75,193.457861532776,-177.160735080393,144.016275800956,-85.3134022533398,False
2013-10-06,84,194.139802037496,-216.665962520473,158.977056128197,-52.4508956452194,False
2013-10-13,79,194.821742542215,-187.497997863042,130.287721583026,-58.6114662621985,False
2013-10-20,73,195.503683046934,-184.98745816585,129.57608947958,-67.0923143606644,False
2013-10-27,80,196.185623551653,-121.572097390275,114.254981322017,-108.868507483395,False
2013-11-03,141,196.867564056373,-105.464143318539,82.5453706074876,-32.9487913453216,False
2013-11-11,169,197.549504561092,-31.6627857096834,65.8957810672987,-62.7824999187073,False
2013-11-18,160,198.36393812956,40.2129731911025,5.07032320614267,-83.6472345268049,False
2013-11-25,197,199.178371698028,62.8012344508017,35.3504113681413,-100.330017516971,False
2013-12-02,246,199.992805266496,71.2562742885213,0.337903638396567,-25.5869831934137,False
2013-12-09,265,200.807238834964,121.732296686725,-35.9425424041356,-21.5969931175534,False
2013-12-16,307,201.621672403432,213.608254711135,-26.5279677689464,-81.7019593456203,False
2013-12-23,302,202.4361059719,221.782666738399,-53.8544861483303,-68.3642865619688,False
2013-12-30,315,203.250539540368,272.287021312704,-79.9671871761693,-80.570373676903,False
2014-01-06,311,204.064973108836,321.148101891088,-144.153587106866,-70.0594878930585,False
2014-01-13,296,204.879406677304,284.056499378961,-104.129651150091,-88.806254906174,False
2014-01-20,322,205.693840245772,267.68334232681,-105.888386080095,-45.4887964924879,False
2014-01-27,296,206.50827381424,223.32325519513,-74.498481423447,-59.3330475859234,False
2014-02-03,258,207.322707382708,185.780836122654,-76.891627443076,-58.2119160622863,False
2014-02-10,224,208.137140951176,108.927396748134,-40.7240169889956,-52.3405207103148,False
2014-02-17,249,208.951574519644,51.9072884347287,-13.2769755681911,1.41811261381818,False
2014-02-24,225,209.766008088112,62.2201997344788,-4.17346298812648,-42.8127448344644,False
2014-03-03,192,210.58044165658,-30.3619988652584,39.0462778718542,-27.264720663176,False
2014-03-10,173,211.394875225048,-22.2834985949719,5.75016124629753,-21.8615378763738,False
2014-03-17,187,212.209308793516,-14.0557976698079,16.857169768286,-28.0106808919943,False
2014-03-24,196,213.023742361984,-93.5399021325612,93.6508367924344,-17.1346770218573,False
2014-04-01,216,213.838175930452,-81.8506792072893,85.1128739677565,-1.10037069091945,False
2014-04-08,214,215.036185465183,-69.0137007185965,106.080464791795,-38.1029495383822,False
2014-04-15,188,216.234194999915,-49.594049180514,66.8404592849881,-45.4806051043885,False
2014-04-22,188,217.432204534646,-108.070572592252,97.7772503203745,-19.1388822627685,False
2014-04-29,215,218.630214069377,-123.970533937194,93.5098611548682,26.8304587129485,False
2014-05-06,175,219.828223604108,-97.5295613171012,24.1357531801141,28.5655845328792,False
2014-05-13,172,221.026233138839,-108.719499126611,4.50358348086542,55.1896825069065,False
2014-05-20,181,222.22424267357,-79.3594662839293,-37.4663053393283,75.6015289496875,False
2014-05-27,177,223.422252208301,-17.0613900262717,-86.4473366090892,57.0864744270592,False
2014-06-03,174,224.620261743032,-1.16154375865465,-129.666437181553,80.2077191971749,False
2014-06-10,219,225.818271277764,26.1993411449504,-127.427628165847,94.4100157431334,False
2014-06-17,181,227.016280812495,19.4050148636692,-182.25405711862,116.832761442456,False
2014-06-24,191,228.214290347226,52.5239207792136,-223.956953987448,134.218742861009,False
2014-07-01,198,229.412299881957,48.1066132530407,-203.285978419545,123.767065284547,False
2014-07-08,170,230.610309416688,45.7200123602611,-215.989578898326,109.659257121376,False
2014-07-15,178,231.808318951419,46.2845500226003,-180.675283614906,80.5824146408868,False
2014-07-22,159,233.00632848615,-3.29302350636827,-164.698766765434,93.9854617856523,False
2014-07-29,153,234.204338020881,-34.271736338734,-90.8661701132422,43.933568431095,False
2014-08-05,180,235.402347555613,-38.6605765260404,-64.2451753141372,47.5034042845647,False
2014-08-12,170,236.600357090344,-54.3758215211535,-37.6274879177064,25.4029523485163,False
2014-08-20,157,237.798366625075,-110.061176322025,11.9228093313472,17.3400003656027,False
2014-08-27,169,239.371014098666,-106.008027629216,-5.9122261709937,41.5492397015441,False
2014-09-03,159,240.943661572256,-118.90590267485,-7.84635013155213,44.8085912341455,False
2014-09-10,124,242.516309045847,-190.287242730121,76.317161106667,-4.54622742239286,False
2014-09-17,147,244.088956519438,-169.520212713675,43.3198236150276,29.1114325792099,False
2014-09-24,111,245.661603993029,-177.160735080393,48.4523845332592,-5.95325344589526,False
2014-10-01,136,247.234251466619,-216.665962520473,66.7259614634775,38.7057495903755,False
2014-10-08,163,248.80689894021,-187.497997863042,93.7173767448684,7.97372217796342,False
2014-10-15,214,250.379546413801,-184.98745816585,116.749223472974,31.8586882790753,False
2014-10-22,228,251.952193887392,-121.572097390275,78.1581926793703,19.4617108235133,False
2014-10-29,252,253.524841360982,-105.464143318539,94.5363204524876,9.40298150506914,False
2014-11-05,286,255.097488834573,-31.6627857096834,70.7927611309491,-8.22746425583878,False
2014-11-12,302,256.670136308164,40.2129731911025,-8.4660724687714,13.5829629695052,False
2014-11-19,281,258.242783781755,62.8012344508017,62.3134860860754,-102.357504318632,False
2014-11-26,310,259.815431255345,71.2562742885213,58.8842876262488,-79.9559931701154,False
2014-12-03,371,261.388078728936,121.732296686725,32.72318450945,-44.8435599251111,False
2014-12-10,415,262.960726202527,213.608254711135,-43.3278831565231,-18.2410977571384,False
2014-12-17,381,264.533373676118,221.782666738399,-40.6488033337223,-64.6672370807939,False
2014-12-24,381,266.106021149708,272.287021312704,-125.329421666373,-32.0636207960398,False
2014-12-31,481,267.678668623299,321.148101891088,-117.117018252103,9.2902477377163,False
2015-01-08,405,269.25131609689,284.056499378961,-81.812239384308,-66.4955760915429,False
2015-01-15,388,270.270037866715,267.68334232681,-100.625031258791,-49.3283489347339,False
2015-01-22,342,271.28875963654,223.32325519513,-102.249914370548,-50.3621004611224,False
2015-01-29,367,272.307481406365,185.780836122654,-68.4828917865486,-22.6054257424706,False
2015-02-05,341,273.32620317619,108.927396748134,-24.3237891746516,-16.9298107496723,False
2015-02-12,284,274.344924946015,51.9072884347287,-13.9088643654534,-28.3433490152903,False
2015-02-19,291,275.36364671584,62.2201997344788,-7.33767175938841,-39.2461746909302,False
2015-02-26,264,276.382368485665,-30.3619988652584,75.4949826764846,-57.5153522968911,False
2015-03-05,227,277.40109025549,-22.2834985949719,30.0001716601754,-58.1177633206933,False
2015-03-12,316,278.419812025315,-14.0557976698079,39.5422260170948,12.0937596273983,False
2015-03-19,271,279.43853379514,-93.5399021325612,125.748892830862,-40.6475244934407,False
2015-03-26,237,280.457255564965,-81.8506792072893,52.3054448578607,-13.9120212155362,False
2015-04-02,215,281.47597733479,-69.0137007185965,39.839699301519,-37.3019759177124,False
2015-04-09,268,282.494699104615,-49.594049180514,23.1014991864938,11.9978508894054,False
2015-04-16,234,283.51342087444,-108.070572592252,47.308129786329,11.2490219314828,False
2015-04-23,221,284.532142644265,-123.970533937194,12.5747816489223,47.8636096440065,False
2015-04-30,296,285.55086441409,-97.5295613171012,-27.9430260842945,135.921722987306,False
2015-05-07,210,286.569586183915,-108.719499126611,-2.6886210292847,34.8385339719806,False
2015-05-14,263,287.58830795374,-79.3594662839293,-38.3934787007163,93.1646370309057,False
2015-05-21,309,288.607029723565,-17.0613900262717,-25.6996079191748,63.1539682218814,False
2015-05-29,293,289.62575149339,-1.16154375865465,-85.9773831407479,90.5131754060125,False
2015-06-05,327,290.015472681295,26.1993411449504,-91.4608943208605,102.246080494615,False
2015-06-12,317,290.405193869201,19.4050148636692,-84.0128848044576,91.202676071588,False
2015-06-19,310,290.794915057106,52.5239207792136,-104.305240865468,70.986405029149,False
2015-06-26,348,291.184636245011,48.1066132530407,-37.7205943345079,46.4293448364558,False
2015-07-03,300,291.574357432917,45.7200123602611,20.7480479814475,-58.0424177746254,False
2015-07-10,294,291.964078620822,46.2845500226003,26.0319965105689,-70.2806251539913,False
2015-07-17,246,292.353799808727,-3.29302350636827,35.3741246848099,-78.4349009871691,False
2015-07-24,319,292.743520996633,-34.271736338734,33.9436759383857,26.5845394037156,False
2015-07-31,303,293.133242184538,-38.6605765260404,10.1259915259035,38.4013428155986,False
2015-08-07,244,293.522963372443,-54.3758215211535,14.2897768167494,-9.43691866803948,False
2015-08-14,266,293.912684560349,-110.061176322025,65.903123609907,16.245368151769,False
2015-08-21,267,294.302405748254,-106.008027629216,68.3339463007358,10.3716755802262,False
2015-08-28,236,294.692126936159,-118.90590267485,41.8460618223508,18.3677139163397,False
2015-09-04,277,295.081848124065,-190.287242730121,137.378169215433,34.8272253906239,False
2015-09-11,277,295.47156931197,-169.520212713675,128.911980064243,22.1366633374623,False
2015-09-18,284,295.861290499876,-177.160735080393,132.751531512331,32.5479130681863,False
2015-09-25,214,296.251011687781,-216.665962520473,96.3834865383649,38.0314642943267,False
2015-10-02,293,296.640732875686,-187.497997863042,150.85890483894,32.9983601484154,False
2015-10-09,293,297.030454063591,-184.98745816585,178.796809521274,2.16019458098469,False
2015-10-17,340,297.420175251497,-121.572097390275,154.294662130897,9.85726000788122,False
2015-10-24,328,297.630624988826,-105.464143318539,146.252234019078,-10.4187156893653,False
2015-10-31,365,297.841074726154,-31.6627857096834,116.83975496241,-18.0180439788813,False
2015-11-07,373,298.051524463483,40.2129731911025,20.7494667781365,13.986035567278,False
2015-11-14,391,298.261974200812,62.8012344508017,-28.2455573492812,58.1823486976677,False
2015-11-21,392,298.47242393814,71.2562742885213,-19.1160052564833,41.3873070298217,False
2015-11-28,359,298.682873675469,121.732296686725,-56.7183577524241,-4.69681260977046,False
2015-12-05,401,298.893323412798,213.608254711135,-103.928106186733,-7.5734719371992,False
2015-12-12,423,299.103773150127,221.782666738399,-102.074373773411,4.18793388488592,False
2015-12-19,415,299.314222887455,272.287021312704,-156.247006217253,-0.354237982906284,False
2015-12-26,460,299.524672624784,321.148101891088,-165.859950156762,5.18717564089019,False
2016-01-02,475,299.735122362113,284.056499378961,-122.713852039207,13.922230298132,False
2016-01-09,470,299.945572099441,267.68334232681,-71.569849234065,-26.0590651921865,False
2016-01-16,445,300.15602183677,223.32325519513,-70.2222898960791,-8.25698713582119,False
2016-01-23,412,300.366471574099,185.780836122654,-65.4828248323979,-8.66448286435474,False
2016-01-30,477,300.576921311427,108.927396748134,30.6487201972135,36.846961743225,False
2016-02-06,410,300.787371048756,51.9072884347287,14.0360874338738,43.2692530826412,False
2016-02-13,443,300.997820786085,62.2201997344788,36.9130558374065,42.8689236420298,False
2016-02-20,517,301.208270523414,-30.3619988652584,134.82015098327,111.333577358574,False
2016-02-27,514,301.418720260742,-22.2834985949719,116.066447363346,118.798330970883,False
2016-03-06,499,301.629169998071,-14.0557976698079,144.016275800956,67.4103518707807,False
2016-03-13,438,301.795183551822,-93.5399021325612,158.977056128197,70.7676624525427,False
2016-03-20,420,301.961197105573,-81.8506792072893,130.287721583026,69.6017605186905,False
2016-03-27,449,302.127210659324,-69.0137007185965,129.57608947958,86.3104005796927,False
2016-04-03,504,302.293224213075,-49.594049180514,114.254981322017,137.045843645422,False
2016-04-10,400,302.459237766825,-108.070572592252,82.5453706074876,123.065964217939,False
2016-04-17,378,302.625251320576,-123.970533937194,65.8957810672987,133.449501549318,False
2016-04-24,274,302.791264874327,-97.5295613171012,5.07032320614267,63.667973236631,False
2016-05-01,360,302.957278428078,-108.719499126611,35.3504113681413,130.411809330391,False
2016-05-08,269,303.123291981829,-79.3594662839293,0.337903638396567,44.8982706637037,False
2016-05-15,312,303.28930553558,-17.0613900262717,-35.9425424041356,61.7146268948274,False
2016-05-22,398,303.455319089331,-1.16154375865465,-26.5279677689464,122.23419243827,False
2016-05-29,407,303.621332643082,26.1993411449504,-53.8544861483303,131.033812360298,False
2016-06-05,362,303.787346196833,19.4050148636692,-79.9671871761693,118.774826115668,False
2016-06-12,259,303.953359750584,52.5239207792136,-144.153587106866,46.6763065770686,False
2016-06-19,327,304.119373304335,48.1066132530407,-104.129651150091,78.903664592716,False
2016-06-26,294,304.285386858085,45.7200123602611,-105.888386080095,49.882986861748,False
2016-07-03,324,304.451400411836,46.2845500226003,-74.498481423447,47.7625309890103,False
2016-07-10,277,304.617413965587,-3.29302350636827,-76.891627443076,52.5672369838572,False
2016-07-17,263,304.783427519338,-34.271736338734,-40.7240169889956,33.2123258083915,False
2016-07-25,263,304.949441073089,-38.6605765260404,-13.2769755681911,9.98811102114223,False
2016-08-01,287,305.091053526771,-54.3758215211535,-4.17346298812648,40.4582309825093,False
2016-08-08,244,305.232665980452,-110.061176322025,39.0462778718542,9.78223246971839,False
2016-08-15,202,305.374278434134,-106.008027629216,5.75016124629753,-3.1164120512156,False
2016-08-22,198,305.515890887816,-118.90590267485,16.857169768286,-5.467157981252,False
2016-08-29,207,305.657503341497,-190.287242730121,93.6508367924344,-2.02109740381042,False
2016-09-05,208,305.799115795179,-169.520212713675,85.1128739677565,-13.3917770492604,False
2016-09-12,232,305.940728248861,-177.160735080393,106.080464791795,-2.86045796026372,False
2016-09-19,166,306.082340702543,-216.665962520473,66.8404592849881,9.74316253294171,False
2016-09-26,205,306.223953156224,-187.497997863042,97.7772503203745,-11.5032056135568,False
2016-10-03,193,306.365565609906,-184.98745816585,93.5098611548682,-21.887968598924,False
2016-10-10,187,306.507178063588,-121.572097390275,24.1357531801141,-22.0708338534262,False
2016-10-17,181,306.648790517269,-105.464143318539,4.50358348086542,-24.6882306795961,False
2016-10-24,192,306.790402970951,-31.6627857096834,-37.4663053393283,-45.6613119219392,False
2016-10-31,224,306.932015424633,40.2129731911025,-86.4473366090892,-36.6976520066461,False
2016-11-07,246,307.073627878314,62.8012344508017,-129.666437181553,5.79157485243667,False
2016-11-14,235,307.215240331996,71.2562742885213,-127.427628165847,-16.0438864546699,False
2016-11-21,243,307.356852785678,121.732296686725,-182.25405711862,-3.83509235378244,False
